Date,Price,Market Cap,Volume
2024-03-01 03:00:07,3364.1017466757007,403962034492.3159,29456299023.21104
2024-03-01 04:00:56,3372.6565099230274,405555602056.9654,29251840289.84669
2024-03-01 05:00:43,3378.7032958102395,405930233799.5277,28569721086.0382
2024-03-01 06:00:01,3371.3759257635575,405129879709.3769,28355700656.704468
2024-03-01 07:01:09,3386.9348858343496,407030179718.3433,28218245773.643185
2024-03-01 08:01:03,3370.165897674601,405441048186.2871,27208095311.96901
2024-03-01 09:00:23,3433.82146010117,411904940786.1001,26664445767.55479
2024-03-01 10:00:32,3431.2510449286883,412060586072.2909,27669205437.087307
2024-03-01 11:00:32,3411.9496114673684,409136942850.69403,27339063712.751842
2024-03-01 12:00:15,3414.933519157227,410026479757.322,23827106267.491444
2024-03-01 13:00:30,3436.6587637083835,412930792579.00464,24600173595.0314
2024-03-01 14:01:37,3437.9837734182793,413951471606.96344,24452567825.75065
2024-03-01 15:00:38,3416.2621535393896,409607352774.49976,23986711008.262993
2024-03-01 16:00:27,3384.3718154146686,407205426097.50726,24651919098.15158
2024-03-01 17:01:26,3389.090422944401,407881962678.8261,23423583654.07335
2024-03-01 18:00:59,3419.205442014209,411363997114.1059,22293542236.553646
2024-03-01 19:00:05,3430.2861158120572,412351718104.80554,21925415042.443913
2024-03-01 20:00:10,3425.5733938671306,412022106821.80817,21269073482.155247
2024-03-01 21:01:28,3455.771184573857,412131898610.2132,20845478987.00848
2024-03-01 22:00:24,3428.499203567206,412073082541.0991,19832083915.27175
2024-03-01 23:01:08,3434.921846589985,412187593180.476,18561797982.136913
2024-03-02 00:00:41,3433.1098603099417,412460972837.4964,18697458729.00798
2024-03-02 01:00:30,3460.035870028263,415095031703.3572,18628144366.30321
2024-03-02 02:00:46,3438.966202923752,413184738194.6033,19146238590.695156
2024-03-02 03:00:08,3434.566205021697,412862363452.216,18481175385.26234
2024-03-02 04:01:01,3445.501285411935,413505583970.4393,18171027649.29293
2024-03-02 05:00:33,3433.885362741219,412957208039.04767,18547867720.704502
2024-03-02 06:00:33,3422.210949761876,411098316019.7952,18486760467.069798
2024-03-02 07:00:01,3442.147907726619,413890512911.7074,18689089245.139423
2024-03-02 08:00:02,3434.8887055573477,412219596989.79736,18778755546.597305
2024-03-02 09:00:02,3423.056545944569,411473614407.2474,18017509019.476044
2024-03-02 10:00:01,3402.321955923441,409758186968.6611,17486696031.804035
2024-03-02 11:00:23,3409.776114254486,409707951576.0589,17420798547.08707
2024-03-02 12:00:06,3414.7228420474603,410641414104.6054,17258622814.807354
2024-03-02 13:00:33,3426.109060105647,412169182863.8471,16951914680.433535
2024-03-02 14:00:16,3422.9284599423613,411245814229.0855,16632964007.726519
2024-03-02 15:00:03,3414.8195544623804,409523177811.31494,15851382380.388277
2024-03-02 16:00:36,3418.9946206377363,411112220831.92535,15264269062.249016
2024-03-02 17:00:22,3420.861204439378,410650158775.84827,14853518996.438208
2024-03-02 18:00:34,3419.011058339508,411718116975.119,14750228745.144352
2024-03-02 19:00:38,3432.6148884040354,412132752685.20435,14440994789.336945
2024-03-02 20:00:17,3432.002917319911,412246685884.5118,13989362728.375347
2024-03-02 21:00:04,3412.002197567033,410111257577.8731,14168773732.346153
2024-03-02 22:00:41,3410.5608497883054,409326376577.60535,13502470099.32147
2024-03-02 23:00:00,3407.3510667390806,409474138457.9751,13315973415.342403
2024-03-03 00:00:02,3421.89214692414,411127183431.9037,13440796396.989847
2024-03-03 01:00:49,3431.1536833280024,411721560062.3065,13007028206.933706
2024-03-03 02:00:06,3430.2451058792235,411772567892.57544,13049878949.32672
2024-03-03 03:00:03,3418.8292907847426,410719382640.2057,12404249637.128357
2024-03-03 04:01:02,3430.2656205202243,412099701960.56775,12801160529.752121
2024-03-03 05:00:37,3441.4554219877386,413350247344.6184,12527300412.692616
2024-03-03 06:00:03,3425.5737186582023,411828028342.31635,12415919846.81086
2024-03-03 07:00:14,3417.042944683365,410607599244.70123,12039351117.616703
2024-03-03 08:00:50,3397.952825778947,408234587101.9927,12733831773.970535
2024-03-03 09:00:54,3396.5104882566366,408788461617.99115,13235964125.524488
2024-03-03 10:00:03,3408.6073304232827,409103246189.04694,13115679845.767088
2024-03-03 11:01:10,3401.3524958510434,408604251898.04193,13045049625.726559
2024-03-03 12:00:02,3412.795371366452,409716074478.9573,12565021025.921133
2024-03-03 13:00:01,3428.6073588972013,411577419637.52295,13147077985.9401
2024-03-03 14:00:34,3428.6357903125977,411700676146.0029,13514809591.419582
2024-03-03 15:00:42,3423.434373945896,411766005130.4765,13060758129.088934
2024-03-03 16:00:14,3428.85706917647,412014460778.2571,13284524119.202423
2024-03-03 17:00:49,3477.8663196512357,416621349853.7854,13843024285.405643
2024-03-03 18:00:56,3463.5457110441307,416492712676.32074,14528501563.092293
2024-03-03 19:00:34,3472.9998871617768,416701471192.8289,13902137387.84993
2024-03-03 20:00:11,3465.991571048306,416865737033.8746,14490680052.295097
2024-03-03 21:00:06,3468.4544370292415,416669376388.85254,14760309874.95856
2024-03-03 22:00:25,3477.976857283888,417827497039.6984,14784727120.274157
2024-03-03 23:00:02,3467.484779930572,417609343566.08,14714190548.186592
2024-03-04 00:00:03,3487.190931866777,418233465071.6696,15521857774.32606
2024-03-04 01:00:41,3471.2619684540505,416198705728.42694,16843928280.89074
2024-03-04 02:00:12,3481.1722313002588,418075816405.20636,17124396797.015242
2024-03-04 03:00:05,3493.8253921155474,420039652457.0614,17387557857.36915
2024-03-04 04:00:41,3469.6270526304497,417533099080.3,17585055938.6308
2024-03-04 05:01:41,3485.997933820974,418102454955.8881,17927248170.453007
2024-03-04 06:01:26,3465.862884850187,416154954889.8065,18097037751.099384
2024-03-04 07:00:01,3473.0859142202416,417326756944.22614,17825048736.50248
2024-03-04 08:00:54,3480.1051543272133,418376085227.7096,17648395898.211136
2024-03-04 09:00:52,3532.281729910631,423799633557.2632,18917171499.448643
2024-03-04 10:00:02,3527.2301796026973,424474615914.006,19612301115.12243
2024-03-04 11:00:00,3495.2261591959723,420171762752.6595,20064634391.87229
2024-03-04 12:00:10,3510.732940540316,421653642876.8814,20699225852.27133
2024-03-04 13:00:51,3508.6944900977282,421339215329.9144,19980177992.895
2024-03-04 14:01:45,3491.117819288707,421200347119.1586,20488594088.527065
2024-03-04 15:01:45,3539.2663994265527,423615778265.9255,22102929672.141254
2024-03-04 16:00:42,3564.5583080326232,427886982077.59937,23353866198.81573
2024-03-04 17:00:07,3553.057613271267,427423222304.00714,23879869279.51142
2024-03-04 18:00:05,3548.9595696343704,426169005372.7625,25309307402.321907
2024-03-04 19:00:51,3571.6970455324454,428879886589.6844,26349732508.326614
2024-03-04 20:00:33,3597.166342528094,432033922848.3919,25397753344.319225
2024-03-04 21:01:48,3586.4451113617947,430098985866.0828,28416392792.432304
2024-03-04 22:00:06,3575.897669630591,429650013029.6283,28908226181.7753
2024-03-04 23:02:50,3611.7373931380776,432837806055.2929,29471533135.459953
2024-03-05 00:02:50,3633.773410846455,436264151585.7691,30203064581.869003
2024-03-05 01:00:00,3632.0647510268013,436006075633.9259,29270274997.622303
2024-03-05 02:01:02,3658.863151067668,438867261736.8072,29299834434.775143
2024-03-05 03:00:00,3628.374921999534,435836757877.9896,29774793894.329254
2024-03-05 04:01:38,3690.2860341283094,442003282892.6084,29779004918.82975
2024-03-05 05:02:26,3693.065563559545,444101720820.8724,32689459819.962456
2024-03-05 06:01:53,3722.5075507860943,448053677364.72217,33364752121.59124
2024-03-05 07:03:59,3711.144864170458,446933332528.36804,36177590807.81341
2024-03-05 08:02:09,3675.811634250352,443392801741.6708,36412866644.85213
2024-03-05 09:00:39,3696.958418164342,444274765043.56934,35628993623.881065
2024-03-05 10:00:04,3681.7456966909513,441416809435.84174,35282735995.882065
2024-03-05 11:01:03,3714.4868572654545,446107279791.5955,35216746417.5362
2024-03-05 12:00:18,3739.0505335511593,449327329780.9993,34691201926.832565
2024-03-05 13:00:26,3757.7618135372563,451831955296.4625,36393885030.914536
2024-03-05 14:01:27,3778.0203090276004,453874372989.3847,38133842239.698456
2024-03-05 15:01:14,3802.730201780311,455659770696.1406,37794487088.87565
2024-03-05 16:02:59,3792.163735774702,458221074444.8373,40169393923.47371
2024-03-05 17:00:21,3697.770207867954,442343446889.78613,40822415861.34631
2024-03-05 18:00:58,3687.3599604536,440631421614.95483,43372554790.99537
2024-03-05 19:02:00,3619.2824486811846,436129526727.7226,43454320507.339645
2024-03-05 20:03:40,3360.083612262184,417747717754.7561,45816416386.0631
2024-03-05 21:00:26,3417.6697214876804,408813091040.18256,49661351831.6204
2024-03-05 22:02:55,3514.2426217389384,421288977833.1052,48448565262.925285
2024-03-05 23:00:28,3487.766725139333,417038907185.512,54966595350.26295
2024-03-06 00:00:23,3581.5348849085663,430091528234.3316,48669816283.38956
2024-03-06 01:01:33,3582.071960689329,430595858287.22174,55794848088.18655
2024-03-06 02:00:56,3519.592678712217,425275248306.85785,55240487428.68946
2024-03-06 03:02:53,3508.158677513257,423967582031.4987,49303639612.30108
2024-03-06 04:02:56,3543.462286263811,425379946275.984,53534130165.536995
2024-03-06 05:01:34,3653.358902838532,432294563962.34796,53705739896.65312
2024-03-06 06:03:24,3773.206013588873,449515556009.1523,55735226057.47206
2024-03-06 07:00:37,3755.1104677228177,451424871911.0762,54490916234.81543
2024-03-06 08:02:43,3802.9303526708895,452473041334.91034,56556075913.04642
2024-03-06 09:00:01,3819.076068887245,458622004640.4828,56113699297.51254
2024-03-06 10:00:53,3806.5900401756858,459396475896.0294,59017333942.39396
2024-03-06 11:01:07,3838.416178572656,460852483526.1698,57781142432.37516
2024-03-06 12:02:18,3881.148716493925,466998834341.1451,58365077071.28767
2024-03-06 13:05:51,3817.57442148159,457273547574.32324,61573203714.00823
2024-03-06 14:08:58,3847.244513018571,460025977732.6918,62539974305.10763
2024-03-06 15:01:51,3782.665794721783,454507751953.8648,57955143279.56054
2024-03-06 16:03:42,3790.5186591308234,455445868999.1643,58146604966.47322
2024-03-06 17:02:41,3821.1972343526927,459001424586.3522,58228769888.488365
2024-03-06 18:00:24,3832.274898637184,459423007021.07385,53826192766.09875
2024-03-06 19:01:58,3859.2216604747364,460996608924.12384,54504452089.744965
2024-03-06 20:00:17,3866.085628349211,463504623812.75037,51496828274.82363
2024-03-06 21:01:45,3874.1841619084826,466192379797.54736,46292709692.65028
2024-03-06 22:04:41,3852.862035323883,461973239161.6897,42866095160.58164
2024-03-06 23:02:26,3822.2122851058843,459003761020.2841,40207334303.41174
2024-03-07 00:02:06,3821.6346971620346,458288266056.32635,39653156866.4456
2024-03-07 01:00:28,3846.478324464114,462106986460.45166,31793708591.480843
2024-03-07 02:00:34,3827.836755698416,456642044905.9283,41001569724.05837
2024-03-07 03:00:25,3788.28523901119,454750004780.44446,35338456328.64183
2024-03-07 04:00:31,3776.325931354839,453533611612.80396,39931132625.54308
2024-03-07 05:00:48,3779.3926087459413,453958060126.0534,35839780051.153984
2024-03-07 06:00:52,3756.2063754106557,452404361149.37573,35036714538.05155
2024-03-07 07:02:28,3769.067991399042,451678033407.96936,35150024854.14118
2024-03-07 08:00:47,3791.661519649958,455335767119.3707,34511286801.0954
2024-03-07 09:02:31,3788.338911119935,456146312712.8982,32121690996.09747
2024-03-07 10:00:40,3788.0934157921706,455483053751.17395,31124962569.424603
2024-03-07 11:00:52,3795.1079224392984,454517224180.0913,31118725966.695225
2024-03-07 12:01:47,3784.4142299929254,454142689291.0355,29444095355.134098
2024-03-07 13:03:18,3778.115372450084,454245196893.6189,28194078979.30357
2024-03-07 14:07:21,3817.5012507096953,458454012019.6814,26801387715.042236
2024-03-07 15:00:04,3804.263313575573,454892587447.28406,26313297862.23597
2024-03-07 16:00:13,3854.6893044116164,461657886951.0399,26476101914.431152
2024-03-07 17:00:31,3827.241805945029,459268541668.9598,25337219668.876293
2024-03-07 18:01:00,3871.392472054882,465080204005.4953,22608164919.5377
2024-03-07 19:01:36,3882.09139566525,466219141104.6985,21483170245.93854
2024-03-07 20:01:04,3872.0736025266574,464660035413.6162,24463550940.50137
2024-03-07 21:02:15,3929.2172313647447,472489477331.2526,24612101890.356915
2024-03-07 22:10:04,3873.9485160180657,465315550781.9278,25270371548.03944
2024-03-07 23:00:55,3862.372634933135,464065430369.3415,25898753288.654392
2024-03-08 00:01:10,3865.9665025593526,464203366204.0903,25386517808.937305
2024-03-08 01:00:42,3906.7341262830128,466476944216.6053,25265070905.592464
2024-03-08 02:04:00,3914.058623655831,471230556908.3595,24321338485.109867
2024-03-08 03:00:23,3907.0954557578902,469607657631.78107,24463448256.747078
2024-03-08 04:01:29,3904.414377170576,469459483485.3046,23789647566.62482
2024-03-08 05:02:37,3902.9432564745316,468293387796.7051,23440596803.146553
2024-03-08 06:01:24,3894.181086036249,467202687523.15546,22683908935.062954
2024-03-08 07:07:08,3929.035593422974,471606880993.3727,22920865131.525562
2024-03-08 08:00:15,3924.452621753608,471383746088.62286,23716912039.77242
2024-03-08 09:00:30,3947.7748557689756,474981147906.7265,23703735081.06483
2024-03-08 10:01:02,3940.345142344226,473918604911.31476,23863606086.170506
2024-03-08 11:00:46,3952.014285196047,474632008289.84985,23799466876.551014
2024-03-08 12:01:35,3955.7614528822824,474393931994.20856,23633011531.313488
2024-03-08 13:00:46,3952.783791586925,474718111328.8629,22866952601.43954
2024-03-08 14:00:20,3987.4076087782782,479300494176.244,23988973203.44905
2024-03-08 15:01:09,3990.1076445965364,479624510991.0056,23468681005.621307
2024-03-08 16:00:02,3938.983042410113,473475930903.6729,24714965277.08048
2024-03-08 17:01:20,3914.7335374378404,470489424612.16034,24661497379.34871
2024-03-08 18:00:53,3965.6861954306214,477251353492.4145,28410602445.15367
2024-03-08 19:01:09,3932.7059488376535,473068028141.8325,28007343121.309246
2024-03-08 20:00:40,3924.399055291387,470660878338.797,28692026783.565792
2024-03-08 21:00:14,3937.1765170177773,473502030699.8625,25749264283.96328
2024-03-08 22:00:43,3919.263545353058,472262920587.537,26748125951.346878
2024-03-08 23:00:03,3908.8501303490166,469656530060.7248,27920875309.75469
2024-03-09 00:01:33,3893.961784581294,467263068859.23145,27992603414.191612
2024-03-09 01:00:19,3906.896894448384,469904163492.9465,27627865745.82677
2024-03-09 02:01:11,3908.3933053934347,469624314212.73444,26995255360.913116
2024-03-09 03:00:04,3931.7628796697913,471789468079.42255,27133853177.479893
2024-03-09 04:00:40,3935.949931271009,472563068249.45746,26435123099.443592
2024-03-09 05:01:13,3933.6261560648586,472142882716.37537,26159689272.0333
2024-03-09 06:00:20,3924.471956973311,471338464447.382,26180701503.777935
2024-03-09 07:00:54,3945.9927833364322,473626520008.4461,26646619439.50431
2024-03-09 08:01:10,3933.7051879590435,473341602578.5176,25906009211.503048
2024-03-09 09:01:34,3931.3787222619126,472344293724.7456,24971150162.727642
2024-03-09 10:02:10,3923.455832354882,470993788251.97815,24955098288.332504
2024-03-09 11:00:28,3917.234245212047,470337987235.4237,24928270114.01477
2024-03-09 12:01:13,3921.437186936437,470835019964.10626,24190898917.14183
2024-03-09 13:01:16,3929.265891517479,471660981886.8644,24417535119.275036
2024-03-09 14:01:32,3926.0879263585466,471907093829.32904,21606993917.154305
2024-03-09 15:00:18,3917.6020063558503,471040283754.541,23052864468.56198
2024-03-09 16:00:16,3923.731819432831,471649462211.4564,19528365072.59515
2024-03-09 17:00:19,3895.3220696762855,467760385858.1049,16535192047.45957
2024-03-09 18:00:54,3889.886538146773,468487633085.03326,16003824647.235533
2024-03-09 19:01:07,3898.4600827088234,468138501115.50543,15338300720.565214
2024-03-09 20:01:33,3889.2458167324185,467719361257.11127,14725615306.64429
2024-03-09 21:01:18,3908.7511520998746,469193513367.403,12795232872.02506
2024-03-09 22:01:23,3911.3543848220297,470035699842.9547,13134813143.018694
2024-03-09 23:01:33,3909.451964223031,469659171427.96295,12733293462.500164
2024-03-10 00:00:18,3916.041187699099,470299637817.79364,12069974984.534363
2024-03-10 01:00:22,3918.604083594527,470435572372.6307,12445953814.93466
2024-03-10 02:01:04,3936.769231798656,472452380144.4767,13170941204.205788
2024-03-10 03:00:44,3927.549256031782,472511889341.22455,13246627096.147688
2024-03-10 04:00:19,3941.7529532265194,472973460419.44666,12787035500.228416
2024-03-10 05:00:31,3947.2844904663502,474186590022.8999,13385670194.729181
2024-03-10 06:00:35,3946.3166700305105,473853851875.9604,13583350594.625597
2024-03-10 07:00:19,3948.9197485738223,473698727090.71783,12870133330.759195
2024-03-10 08:00:49,3952.1366170895117,474636865527.47064,12920934835.35027
2024-03-10 09:00:38,3961.880178105094,474142536056.58154,13187838574.03922
2024-03-10 10:01:30,3955.8480380932106,475104478888.32715,13973402335.173016
2024-03-10 11:02:45,3949.079795538129,473508870221.4864,14154000205.518167
2024-03-10 12:02:06,3939.8890901001546,472973436085.4742,14122231773.443573
2024-03-10 13:01:21,3938.7907606106824,472833670045.57306,13946452192.546572
2024-03-10 14:00:34,3907.456089894455,471383040212.21497,14521184310.575188
2024-03-10 15:00:42,3901.6339998506223,467758434750.90643,14621444830.506954
2024-03-10 16:00:54,3896.4016400924957,468289375808.3422,15384703472.804516
2024-03-10 17:01:19,3915.81025688812,470933016438.64325,15592570491.657478
2024-03-10 18:01:07,3918.254714908055,470434722983.2955,15262218511.718914
2024-03-10 19:01:11,3906.1634265191797,469570791106.87775,15058233359.154774
2024-03-10 20:00:36,3906.2481247276364,468900144765.9846,15171780535.940693
2024-03-10 21:00:42,3904.9835429321274,468394132740.6227,15037079464.211134
2024-03-10 22:00:32,3894.304491785031,467552922763.43524,15201209862.33895
2024-03-10 23:00:22,3842.23894378874,461918373175.3362,15898368443.8512
2024-03-11 00:00:52,3887.882200709111,466687383451.4314,16091669379.327995
2024-03-11 01:02:13,3824.898550747746,460874893905.6282,18077316064.41058
2024-03-11 02:01:41,3823.3955050468553,459182524735.70154,17220667691.616783
2024-03-11 03:01:01,3835.798047155903,460913153564.7106,18750392571.798542
2024-03-11 04:00:43,3862.0740433675646,463048500847.2396,19069305397.45787
2024-03-11 05:02:56,3858.7226840535295,463126606989.09564,19424020868.054127
2024-03-11 06:00:46,3853.8467769396098,462912630385.2238,18972691357.15761
2024-03-11 07:00:55,3878.2170079260445,463336368738.50635,20121817276.18606
2024-03-11 08:00:28,4004.265367562981,480805566306.5643,23545302967.017876
2024-03-11 09:00:48,4008.3104440750017,481390457044.0941,25127108859.682686
2024-03-11 10:01:41,4030.167761901502,481653131213.7488,26756999527.90031
2024-03-11 11:00:09,4034.179921496916,484283285083.3393,27218453713.535103
2024-03-11 12:02:18,4024.90619185708,486934726123.5341,27235875286.824314
2024-03-11 13:00:09,4063.0964989228823,486841349907.0083,27753992145.207676
2024-03-11 14:03:39,4022.044570132814,484090614091.6893,29640539199.31592
2024-03-11 15:00:08,4035.3337230868506,484766614815.6759,28602113959.4017
2024-03-11 16:00:24,4030.3511476752556,484058427418.6476,28815742752.57137
2024-03-11 17:00:17,4044.0941844505733,484888468662.5528,30047086678.435093
2024-03-11 18:00:14,4043.706876044816,485776255851.26434,30519024989.18198
2024-03-11 19:00:44,4058.6897201550746,487118088817.41156,32274294747.458
2024-03-11 20:01:14,4031.783938950873,484891855192.8725,32810132786.5565
2024-03-11 21:00:22,4031.4469898392367,484197548193.6358,32599335059.164715
2024-03-11 22:01:01,4046.5843992238356,486152064048.6577,32996930687.213367
2024-03-11 23:00:42,4064.4424675513187,488131806251.7176,31573900340.22005
2024-03-12 00:00:22,4070.6040749869985,488931556413.2426,32017734619.898235
2024-03-12 01:00:59,4062.2536402842206,489093898764.05334,31017663634.62071
2024-03-12 02:01:05,4063.7474630810057,487994878745.42926,31101067184.651634
2024-03-12 03:00:36,4052.173313503643,486533794612.2514,29130678309.556366
2024-03-12 04:00:32,4036.719515183417,485873730981.1159,30198140491.023636
2024-03-12 05:01:01,4038.0433104825997,485139001420.48456,30631413366.092785
2024-03-12 06:00:34,4043.364658489365,484860574155.5671,31159646187.4579
2024-03-12 07:00:21,4026.914120163636,483293402128.84845,31641668613.337383
2024-03-12 08:01:08,4028.137788893943,482864041897.1061,27453072368.012093
2024-03-12 09:00:30,3983.5723745198034,478122199324.0297,26847721158.700493
2024-03-12 10:00:28,4006.231656322372,481885258200.7164,25973532850.3893
2024-03-12 11:01:16,4004.841650465469,480955365664.4024,24850562088.50674
2024-03-12 12:01:15,4023.13186990167,483631340292.73724,24833601144.743446
2024-03-12 13:00:04,4019.6205783310447,482069210668.3821,25223354419.199436
2024-03-12 14:00:35,4025.5143100662326,482172073328.1134,25032604436.591434
2024-03-12 15:00:59,3985.825873146377,480466029258.6822,23304289995.584583
2024-03-12 16:01:40,3992.8809492225814,479389387882.362,25579263464.799717
2024-03-12 17:09:20,3921.639030111323,471266822048.723,25134763068.2861
2024-03-12 18:07:59,3960.0686459802278,471880824165.43494,29385292895.66565
2024-03-12 19:03:01,3967.4276764041174,475381112083.354,29645337455.00752
2024-03-12 20:07:08,3972.410029707819,478017610343.9223,29659773232.951996
2024-03-12 21:01:57,3952.674956539611,475059162298.63635,29960077387.71617
2024-03-12 22:03:45,3948.2067601991125,474122537435.08936,28739576338.374565
2024-03-12 23:08:48,3946.893382666941,474324209239.93,29966512696.129704
2024-03-13 00:09:52,3975.2323149547997,477767797937.92725,30070131296.403942
2024-03-13 01:00:23,3983.9770098722315,479390298385.09686,29489489904.62173
2024-03-13 02:03:10,4023.5942604400116,483085912011.40955,28850321763.845222
2024-03-13 03:04:22,4033.7134293440236,484421852717.3617,29816620919.696342
2024-03-13 04:03:12,4043.4144133161712,485572113808.84674,28441459360.000587
2024-03-13 05:08:20,4040.2889650337265,485674095148.9669,30630357152.626045
2024-03-13 06:04:54,4038.446483194213,484733166550.66016,29908343302.0489
2024-03-13 07:01:46,4051.4576825837535,486585053439.0659,30037101367.05481
2024-03-13 08:07:44,4043.3907598473666,485336606871.5557,30020641336.268158
2024-03-13 09:05:38,4064.7920574616787,487966526000.3972,29718787166.226154
2024-03-13 10:08:40,4052.906968480699,487930447845.20795,30864753601.653503
2024-03-13 11:04:10,4055.298872125468,486987610706.6,31023017828.209286
2024-03-13 12:09:40,4052.1911628503835,486585546445.58826,29322883197.753155
2024-03-13 13:04:26,4025.2381070367387,484682288734.8976,29897078120.03167
2024-03-13 14:02:20,3949.7993354064656,475871046865.2416,30219370157.89622
2024-03-13 15:00:53,3966.558487366914,477399369866.6715,30244847052.903664
2024-03-13 16:03:15,3966.401565417887,476144815913.98395,29570946662.628937
2024-03-13 17:05:17,3986.4256192023126,479118998487.33734,28641497834.553963
2024-03-13 18:01:59,3980.8141505013,478695558900.49445,26997551869.376976
2024-03-13 19:03:35,4010.1559135684265,481578113102.05835,23121203206.548042
2024-03-13 20:03:15,4010.962639690804,479955442631.3252,25052497843.494495
2024-03-13 21:07:42,3996.7254806499914,479454850287.6001,23270837569.698193
2024-03-13 22:01:21,3999.1859460235037,479743203841.4594,25016089666.957756
2024-03-13 23:04:25,3987.513733652525,478776926520.1808,24538093217.980507
2024-03-14 00:05:24,4005.8534214279766,481107882228.26483,24480706672.786697
2024-03-14 01:02:14,3980.264275399032,478800686458.9649,24873761323.573944
2024-03-14 02:04:23,3985.012553712817,476598520297.9804,24735031569.206955
2024-03-14 03:05:17,3985.993666289274,479454122429.06525,24397225455.775837
2024-03-14 04:03:59,3997.1494511153887,479781295854.5998,23328427280.838364
2024-03-14 05:06:56,3963.003028003186,475932289363.225,22700851967.635582
2024-03-14 06:01:10,3969.2955705884056,476393463597.0083,23153799391.91471
2024-03-14 07:08:03,3985.638238733254,478342334524.5884,23167861425.9831
2024-03-14 08:08:01,3973.3629896661187,476345961460.84796,22371190967.399605
2024-03-14 09:01:56,3980.055455818108,478053533105.8582,21966012891.808376
2024-03-14 10:04:37,3989.025632712607,477946956733.01385,22016201812.4022
2024-03-14 11:05:04,3969.3030326666276,476558777461.67065,22289239857.67196
2024-03-14 12:03:53,3957.5402735953526,474985648728.1196,21936579178.57744
2024-03-14 13:02:02,3948.055558052779,472431995415.3891,22306785407.80465
2024-03-14 14:04:07,3878.846212017903,465794435126.39795,21585993276.22839
2024-03-14 15:06:10,3897.1137468612665,466595758762.21277,22688383012.0398
2024-03-14 16:04:33,3851.5386693071446,464016587089.9595,22481940300.596302
2024-03-14 17:04:03,3891.70755892964,467040888622.13556,20933476199.93585
2024-03-14 18:07:52,3859.683928817235,463355030600.06396,23198890580.97413
2024-03-14 19:07:42,3793.9618476047517,455475382764.5224,23962019937.256496
2024-03-14 20:02:08,3777.807764344225,453239370700.98016,26225472374.446438
2024-03-14 21:04:53,3837.339235018614,460746603423.4006,26583402120.811615
2024-03-14 22:01:42,3856.794297215221,463118304059.90546,26837564808.110832
2024-03-14 23:07:51,3875.8973332734413,465484320427.62134,27359185629.39986
2024-03-15 00:03:01,3878.5812788179646,465517630856.3542,27293615352.17707
2024-03-15 01:03:54,3905.7467599706656,468780250631.4508,27853740451.281616
2024-03-15 02:03:34,3876.271006048955,466872569503.71246,27890990035.252407
2024-03-15 03:01:10,3733.090431734021,450495290873.44434,28975116569.67301
2024-03-15 04:06:47,3708.816501669099,445292087994.11554,32485234497.662327
2024-03-15 05:02:57,3674.236604399424,441132804750.07153,33774135579.93616
2024-03-15 06:07:39,3683.298066033963,439564608546.3129,35901056123.35675
2024-03-15 07:05:04,3743.00411469589,448454639964.89777,35219653296.29239
2024-03-15 08:04:42,3756.9868225369382,452486432861.2125,36461327160.237144
2024-03-15 09:00:59,3663.5098335034736,440474728642.5575,36929178433.50944
2024-03-15 10:01:27,3676.2948144202633,441734459836.96857,39379924904.62085
2024-03-15 11:02:06,3662.348319799679,442429206011.0961,40994056512.11998
2024-03-15 12:02:15,3685.3545290091142,441958307064.0715,41961634241.60163
2024-03-15 13:01:56,3696.303291177806,442657555999.1389,42876754784.00548
2024-03-15 14:03:35,3719.0910468741977,447189127489.80066,42505277685.08486
2024-03-15 15:00:31,3721.1822270777793,445015973833.22394,42178405442.408356
2024-03-15 16:00:01,3693.1358781619247,443139178923.49884,41157377158.0513
2024-03-15 17:09:39,3680.6189760104203,442232404006.9176,40274253216.06017
2024-03-15 18:08:30,3699.3124187403805,443437669987.6063,40079703799.1755
2024-03-15 19:06:22,3790.851268038611,455545281255.30536,38250707346.46891
2024-03-15 20:05:47,3694.3233358288917,442196947897.6636,36334705751.94128
2024-03-15 21:01:43,3625.8543345635567,435402422379.8885,35985579136.67007
2024-03-15 22:04:38,3670.927462507719,440811030404.0654,38279252442.02914
2024-03-15 23:04:54,3724.238626563284,448000042973.96747,38913474738.07523
2024-03-16 00:00:56,3738.381184462065,449221029692.6131,38514576896.82427
2024-03-16 01:06:38,3756.7133036634805,451845882205.0352,39188134261.29919
2024-03-16 02:07:43,3743.7575336208183,449601508128.37933,37701392543.37012
2024-03-16 03:00:18,3733.274834427793,448531326308.77356,37888777962.03417
2024-03-16 04:01:33,3736.138358344279,448602252692.2602,33949601229.01319
2024-03-16 05:05:27,3725.0233744331135,445984382407.8206,31771363686.85017
2024-03-16 06:02:33,3714.8202947265886,445426401050.9126,30559450528.33822
2024-03-16 07:01:29,3727.1140788500225,447428656937.6056,28684295512.08335
2024-03-16 08:02:39,3737.1005496079597,448751935262.3735,29439041567.550938
2024-03-16 09:01:58,3719.3949115819323,447652528660.0293,28607968327.38478
2024-03-16 10:04:34,3721.9228447853493,446908391143.43115,25915973432.468433
2024-03-16 11:00:29,3700.527518640024,444361455201.4319,24409196376.38161
2024-03-16 12:03:55,3695.4509798859835,444110002147.2478,23307672799.939896
2024-03-16 13:01:13,3672.248848440446,442578651621.68787,22496466939.579353
2024-03-16 14:07:50,3647.1381038569716,438070827278.43,21820100350.60568
2024-03-16 15:04:44,3664.877565001914,440080588434.0052,21711913389.72784
2024-03-16 16:03:18,3678.7887196398774,441751047817.7876,21351217017.12883
2024-03-16 17:03:15,3661.7077192104166,439587305133.166,20787462601.287083
2024-03-16 18:08:23,3626.753837093309,437231949675.3249,20523583701.54779
2024-03-16 19:07:33,3613.3753843032987,431828647861.603,21254179583.476406
2024-03-16 20:02:21,3599.4386050823914,434191544562.99896,20964791713.941307
2024-03-16 21:00:06,3617.7067623473104,435736190702.63885,19701016525.88857
2024-03-16 22:08:24,3538.5839915615084,426758523286.97144,20142661891.32476
2024-03-16 23:05:22,3554.235666374405,426794646137.2059,20510548997.769096
2024-03-17 00:01:33,3517.7680904566787,422006707853.2583,20373248653.818478
2024-03-17 01:03:22,3503.089590453571,425072984581.7199,21805230809.79425
2024-03-17 02:04:06,3553.7652070620397,425393353497.03546,22361823524.30139
2024-03-17 03:03:05,3568.2401772060816,429438105981.32623,22809327560.596004
2024-03-17 04:00:51,3571.8939481892767,428161193866.0101,22885571157.562553
2024-03-17 05:00:56,3559.0257931812916,427771608582.23944,22316469131.675186
2024-03-17 06:06:43,3548.8067582432996,425365831469.4383,20883508570.140034
2024-03-17 07:03:45,3455.744483011797,418955468199.1643,22754926910.2913
2024-03-17 08:07:00,3470.927325587683,416928411079.7708,24672485955.547012
2024-03-17 09:07:36,3545.715383219893,426761206997.97833,26118886024.403313
2024-03-17 10:03:42,3551.5824355513796,426472178126.3085,26465335038.603886
2024-03-17 11:08:11,3590.19920851887,430987983882.85895,26782536338.20174
2024-03-17 12:01:56,3572.59588341967,429007764875.93005,26926581957.39788
2024-03-17 13:01:19,3534.068985970028,425668836152.61615,26860057556.190674
2024-03-17 14:01:58,3569.463677118794,428619348346.1301,26897858034.90921
2024-03-17 15:04:55,3593.496143051469,429727475797.403,26797395265.389694
2024-03-17 16:04:16,3635.273893013598,436521804962.2786,27385724917.16775
2024-03-17 17:02:17,3605.9902761005096,433367382545.52344,26800749405.16076
2024-03-17 18:06:10,3639.1789484728592,435258189339.251,26772171385.009064
2024-03-17 19:07:08,3633.4310414991105,435855729754.0775,26025763599.12908
2024-03-17 20:08:28,3651.124921623389,438892256232.67944,25225611719.64543
2024-03-17 21:07:37,3634.1494533765695,436071782900.68176,24437698533.116886
2024-03-17 22:04:22,3630.725607460353,435975649190.3567,23820077499.547157
2024-03-17 23:06:14,3645.5542539770827,437677485377.0603,23551062665.08782
2024-03-18 00:00:13,3643.280347379834,437397993876.3647,22282396647.176846
2024-03-18 01:07:53,3559.39984476283,429389296618.14166,21462016299.74364
2024-03-18 02:06:41,3597.6845715433633,432557586084.0039,21682668078.28439
2024-03-18 03:04:47,3600.8186194432474,434313100644.4119,21652163643.710384
2024-03-18 04:03:54,3596.4830261575357,431862159117.6172,21783342313.09718
2024-03-18 05:03:25,3616.889206036132,434053557100.7627,21544591234.197666
2024-03-18 06:07:03,3625.5312098027425,435682758168.8087,21635872324.94913
2024-03-18 07:02:18,3626.8865845304554,436406443290.9356,21982024326.622925
2024-03-18 08:02:51,3625.8879551529963,435565290996.8651,19283510488.932396
2024-03-18 09:01:59,3600.922095019148,432394736286.45264,19413167761.08552
2024-03-18 10:01:19,3558.590082088021,429871081738.05853,19032384197.45465
2024-03-18 11:08:36,3583.001282710953,430471658800.69775,19006069067.957672
2024-03-18 12:00:32,3596.8646642049653,432456767705.09845,19687124997.684235
2024-03-18 13:07:08,3582.6277921037517,432020232096.48474,19551828002.93572
2024-03-18 14:05:03,3535.5547464622255,424479079927.2173,19903660702.417736
2024-03-18 15:03:58,3506.9985577639727,421240564007.50415,20305478750.444508
2024-03-18 16:07:52,3519.2834440940246,423336707377.8427,20206765044.551888
2024-03-18 17:02:31,3499.110743107084,420169341929.3026,21293556795.54257
2024-03-18 18:02:52,3507.3723592365027,419312243454.7174,21611599072.68771
2024-03-18 19:05:58,3482.257270185215,418703879245.6066,21955965581.18112
2024-03-18 20:06:27,3481.642951731624,418308045414.1315,23298744279.3183
2024-03-18 21:06:12,3513.349381689531,421420149234.4131,23824556720.989876
2024-03-18 22:03:11,3527.187319046859,423540746066.6201,23449225912.421757
2024-03-18 23:09:41,3527.564014367204,422870707101.79834,24283782885.03447
2024-03-19 00:04:33,3519.201972721143,422563281408.63617,24144044692.96293
2024-03-19 01:00:14,3470.1416752043424,418456488966.93225,23991568345.885963
2024-03-19 02:04:53,3392.5648417189077,407526405238.1464,24959398636.12508
2024-03-19 03:04:10,3412.442779848375,409722546349.13574,25798125283.849796
2024-03-19 04:06:53,3417.90979881429,411025756503.2661,25771120985.06705
2024-03-19 05:06:00,3389.6578923190286,406126393406.2282,26354923150.9186
2024-03-19 06:00:31,3375.687520417972,403123949927.55865,27707055064.878338
2024-03-19 07:02:49,3362.840807124488,402245504328.3077,28609105632.749126
2024-03-19 08:04:05,3360.009671774412,402344660176.92975,29521866948.03572
2024-03-19 09:07:22,3258.434794820062,390012127894.0471,29430972120.258873
2024-03-19 10:08:16,3282.6922265276276,395186518390.42926,31412577207.125847
2024-03-19 11:07:57,3227.283026600479,388496687315.30457,32931992776.98839
2024-03-19 12:00:29,3264.73973492456,391904741623.96594,33952271345.432713
2024-03-19 13:02:34,3297.1415059913234,395370858333.4543,33826656918.368206
2024-03-19 14:07:50,3264.6556436612277,394983289564.3367,35034501697.43787
2024-03-19 15:03:28,3254.4589052444826,391769355356.06464,33965299030.368347
2024-03-19 16:05:55,3306.160227636183,396686484892.79474,34813622796.26999
2024-03-19 17:02:40,3328.753913416535,399857463057.85583,35825257687.002045
2024-03-19 18:01:12,3314.147721903497,398016786586.23206,35209527999.488266
2024-03-19 19:05:58,3308.6865683076953,398228004606.12244,35596445001.4497
2024-03-19 20:09:16,3314.313854823684,400251184764.3351,34746278894.54217
2024-03-19 21:02:03,3278.440826945798,395178611878.16016,35257843457.79407
2024-03-19 22:06:05,3290.46213178288,394850998546.12115,35899126456.49056
2024-03-19 23:07:52,3192.8738700427216,384855509594.73254,36571967864.810265
2024-03-20 00:00:34,3171.293836639821,381561860658.1416,37133280150.8351
2024-03-20 01:07:40,3224.1502497020006,389057406361.2255,38374605469.58487
2024-03-20 02:00:30,3185.3528198847653,382160923315.651,37153561358.75309
2024-03-20 03:04:09,3215.565001335981,386640347393.27716,36844510716.29825
2024-03-20 04:00:38,3166.975984215534,384995783556.7993,36752644090.90443
2024-03-20 05:00:48,3131.8631552566003,375606673680.3981,37815706345.256744
2024-03-20 06:02:08,3107.011662365842,371095754472.8739,38833472473.429596
2024-03-20 07:00:55,3146.267993569551,376835181623.2313,38980718007.3244
2024-03-20 08:06:41,3210.677551350673,386239531224.7042,36448205869.82569
2024-03-20 09:08:33,3219.0614291001198,385198297445.6304,37847162265.79912
2024-03-20 10:06:14,3225.972071133945,388199506283.7346,36652327243.137184
2024-03-20 11:03:12,3227.516446718059,387152110988.0921,35188936116.75299
2024-03-20 12:06:05,3279.0121015491964,391986337809.0837,35136991415.33074
2024-03-20 13:06:38,3337.766481555539,401880240857.37244,34867060200.86851
2024-03-20 14:03:01,3345.7870789708527,402166878717.9567,35222757948.86785
2024-03-20 15:01:13,3379.24528657866,403400830097.3549,35865925039.20631
2024-03-20 16:02:17,3298.1103148188668,397030496232.0547,36042460091.189156
2024-03-20 17:04:17,3234.5768504294056,389343854399.8727,37312393138.98891
2024-03-20 18:09:17,3317.653230594422,394981699070.1801,40078207793.0654
2024-03-20 19:07:56,3382.2614421237413,406266083933.7293,41127677633.8762
2024-03-20 20:06:10,3377.456386211377,405550315376.1304,40574638842.9017
2024-03-20 21:08:38,3465.1593082783174,415721098239.9721,41826168306.174446
2024-03-20 22:07:28,3501.273804674981,419636046191.5372,37590278708.94408
2024-03-20 23:10:27,3512.5872348161915,422585352628.3078,41811275624.30415
2024-03-21 00:09:15,3506.7186759741044,422045742523.0592,41112496200.21346
2024-03-21 01:03:30,3521.1972685371466,424515362182.27966,42087809397.14515
2024-03-21 02:05:52,3524.177322461933,422634203715.275,40067922807.76849
2024-03-21 03:01:47,3538.8156913129565,426246995320.71423,41472857712.72566
2024-03-21 04:04:46,3515.7263090650727,421848325073.2729,39838917117.28618
2024-03-21 05:07:13,3491.323977918228,419650205010.4941,38343191845.430664
2024-03-21 06:00:24,3482.8342998002495,418185007417.14716,38314174286.150566
2024-03-21 07:03:17,3514.019981472789,421979123630.53107,38163057760.03422
2024-03-21 08:04:08,3516.820943102579,422090030551.76495,36727609983.20015
2024-03-21 09:04:50,3566.123486660596,427621446494.9485,35452889511.7548
2024-03-21 10:01:40,3537.9424589988366,424367110784.26953,33286776461.327915
2024-03-21 11:12:27,3542.3824723932576,425266918152.5037,35489884136.70239
2024-03-21 12:05:25,3531.0697197889567,424475762712.12427,35857429479.0686
2024-03-21 13:03:24,3539.4462826156137,424820740931.7578,33491868313.346256
2024-03-21 14:04:21,3517.908060514393,423632873255.36115,34756535337.16639
2024-03-21 15:04:40,3530.6022481295404,423934639603.7825,30992519957.245724
2024-03-21 16:08:14,3492.3948020712323,419830238855.57965,31309561174.277653
2024-03-21 17:06:48,3524.3442602258983,422924942574.5564,30049215684.892223
2024-03-21 18:02:51,3464.498479108285,416158034525.9289,27124500739.973133
2024-03-21 19:01:27,3426.320918964035,411143744935.3944,26622072268.42539
2024-03-21 20:03:25,3449.719174131811,414222660055.9761,24949877670.733665
2024-03-21 21:04:25,3482.4596831059075,414998708153.12854,26137651555.563404
2024-03-21 22:00:37,3496.5993009760223,419426856213.4282,25420802302.592163
2024-03-21 23:02:27,3485.216856327617,419599474563.25867,24747045540.9644
2024-03-22 00:00:20,3493.4304387798707,419250201097.8779,24617005638.07842
2024-03-22 01:01:14,3485.185061901077,419244678079.26404,23921368329.28562
2024-03-22 02:07:25,3466.823376297233,415974552335.27765,23220126469.018867
2024-03-22 03:03:35,3481.2088397271136,416648253640.1647,23174789625.210865
2024-03-22 04:04:44,3516.326084375488,421958632956.8902,23126953412.444565
2024-03-22 05:04:15,3518.1510060379264,420794945721.519,22871264673.3229
2024-03-22 06:00:28,3527.7522736439414,422809479910.8054,22233205943.61828
2024-03-22 07:01:03,3529.774448437981,423589416558.15204,21804907928.05325
2024-03-22 08:02:09,3514.776909851758,422865790340.6955,21914588007.73129
2024-03-22 09:08:26,3487.1577880014925,418034905744.85406,21410398916.021297
2024-03-22 10:04:28,3464.978126692585,415256280898.8722,20427201979.88705
2024-03-22 11:07:25,3428.534353722802,412587349800.07635,20943547523.93431
2024-03-22 12:06:15,3391.6282694176657,411960200340.9836,20889908972.81994
2024-03-22 13:02:11,3405.4362843761965,409908848949.73956,20830278703.82321
2024-03-22 14:04:59,3334.063207610005,402624417259.9788,21008482208.58028
2024-03-22 15:04:42,3289.9338491358367,396108113162.3102,21602818003.13242
2024-03-22 16:04:33,3346.5578137372586,403102433668.3637,22432199457.613724
2024-03-22 17:04:19,3319.665610598041,395546659183.5487,23053654493.401245
2024-03-22 18:01:43,3334.606286623217,400826057808.9128,22711617946.720478
2024-03-22 19:02:07,3343.5291197624856,401245628243.9605,22077993883.097523
2024-03-22 20:09:52,3337.2097865511623,402601712719.91705,22361438279.135025
2024-03-22 21:04:14,3314.2633711050275,397597906275.20496,21594095606.786976
2024-03-22 22:09:08,3293.757901397872,395282487710.4739,21752818281.04156
2024-03-22 23:02:22,3286.80444223702,395854614229.85736,21961059978.666832
2024-03-23 00:02:59,3327.7215198964136,398004903397.5174,22255456171.5815
2024-03-23 01:08:37,3326.4167228721376,398796559606.5325,22436813113.64018
2024-03-23 02:09:03,3344.379657306351,401673147418.687,22385218992.874645
2024-03-23 03:00:34,3333.541574922191,400346398363.2875,21980099854.602566
2024-03-23 04:01:57,3303.124804192544,395767615667.916,21891392571.55497
2024-03-23 05:05:03,3327.66632605907,399564306994.96204,21931252039.620083
2024-03-23 06:03:46,3330.2058961730377,399203871295.279,21463360736.587776
2024-03-23 07:07:24,3345.9507001559305,401473955030.07465,21158912568.329544
2024-03-23 08:01:27,3364.975825406049,404044186523.19574,21557861054.323326
2024-03-23 09:03:19,3349.2068482149057,402273659191.8989,21029849919.52089
2024-03-23 10:06:03,3357.7221928780014,402072780582.6279,21616456438.19147
2024-03-23 11:03:18,3349.9251454430846,403937810587.34015,21355079657.47509
2024-03-23 12:05:15,3364.292190981512,403259780089.1871,20864624109.778236
2024-03-23 13:00:41,3377.393775375093,405358978969.8585,20707480532.38214
2024-03-23 14:02:26,3362.933374056056,403255141729.45026,19994625253.172928
2024-03-23 15:03:40,3415.433352158907,410102794789.236,17076237656.04712
2024-03-23 16:07:14,3401.0389687597976,408986120051.55194,17766692297.161057
2024-03-23 17:03:35,3422.1886733990623,411403186931.6039,17123066856.489317
2024-03-23 18:02:06,3401.217724510725,409399055382.8032,15524582172.50445
2024-03-23 19:07:57,3409.691312056928,409006974283.32654,16128037175.147272
2024-03-23 20:06:00,3390.9314489205735,407309139932.07306,15095591288.508942
2024-03-23 21:08:18,3384.419750761445,406970576179.59894,14547021920.591711
2024-03-23 22:02:25,3387.075792438406,406576565261.55975,13904409012.630085
2024-03-23 23:03:20,3377.2344294884188,405608982768.6312,13640295338.693027
2024-03-24 00:08:53,3338.9390730965133,402787267255.35004,13949249493.46148
2024-03-24 01:03:08,3358.6465775942884,403659592081.2648,13610689907.509634
2024-03-24 02:05:45,3350.527472347431,402472537990.60834,13721357349.990818
2024-03-24 03:03:57,3342.084519527242,401496992707.5357,13372397754.855013
2024-03-24 04:05:23,3313.4458156368823,399006601186.5516,13165704663.442516
2024-03-24 05:02:40,3325.883954119061,398074833213.75323,13659534843.593245
2024-03-24 06:05:54,3330.1259722755813,400306096336.9651,13487874435.80512
2024-03-24 07:01:23,3325.6077911047923,398498698846.92865,13402522861.894337
2024-03-24 08:03:41,3343.0949822398793,400272841920.35394,13259232470.442616
2024-03-24 09:01:43,3377.613669305241,403415547555.7641,13555280863.568008
2024-03-24 10:04:55,3362.092043866848,404363588400.64233,13354012341.709776
2024-03-24 11:01:15,3380.2641060795827,407195026336.08905,13269215774.716228
2024-03-24 12:08:13,3389.4943950927745,406199469514.9897,12991249872.611643
2024-03-24 13:02:02,3402.0283215372506,408385270408.76886,13071446190.019548
2024-03-24 14:07:43,3389.4493690764834,406642168712.1546,12601643286.899395
2024-03-24 15:04:05,3398.2494870469127,407894497807.03827,12729108479.942194
2024-03-24 16:04:46,3397.5999528798275,408441914845.4903,12124467597.047573
2024-03-24 17:02:08,3372.070359966505,408045795164.32776,11838340499.22174
2024-03-24 18:01:02,3366.01525021865,404986274108.9093,12104281926.935858
2024-03-24 19:00:29,3382.5256528723635,405708162690.46094,12585522228.172785
2024-03-24 20:00:23,3386.5094207163,406972632370.0388,12406198476.042706
2024-03-24 21:03:22,3412.5591732109824,409718197733.48895,12851506560.093042
2024-03-24 22:02:47,3427.0208063078785,411791621326.1988,12851074614.73751
2024-03-24 23:00:46,3441.8986973067736,412906000701.9739,12520157248.274437
2024-03-25 00:00:20,3454.257071389558,415227254119.21,12747604656.722906
2024-03-25 01:01:39,3428.549794675956,411357215969.80493,12450819257.964445
2024-03-25 02:05:38,3429.1379383768785,411774492429.8835,12976474041.885086
2024-03-25 03:04:29,3440.7649832455345,413128224691.29816,12633953874.210506
2024-03-25 04:03:52,3459.115787045291,413779133144.0813,12826812661.047094
2024-03-25 05:08:43,3494.57210205949,418499976860.0138,13052054950.938017
2024-03-25 06:08:16,3484.2168729562845,418856747134.0093,13282228306.78566
2024-03-25 07:02:08,3469.084144546429,416818181504.9604,13674596318.06034
2024-03-25 08:02:32,3447.066279969709,414944900964.8784,13752605288.452667
2024-03-25 09:02:11,3447.3719148170594,413668681566.9421,12868963094.770658
2024-03-25 10:06:45,3461.3580683953937,414630588179.8763,13586652555.314507
2024-03-25 11:05:35,3455.3561733976644,414272319128.9418,13859483535.75955
2024-03-25 12:09:09,3441.1484683839067,412725099433.6127,13557435826.587704
2024-03-25 13:06:24,3447.8079746515527,414679649764.29724,13949802187.210272
2024-03-25 14:01:43,3487.046039789158,418704477031.65967,14465574487.569504
2024-03-25 15:04:53,3565.120357571555,426490722803.2595,16188169553.83514
2024-03-25 16:08:29,3577.5649225670027,430027573504.0223,16726599225.128569
2024-03-25 17:04:17,3606.8533815112833,433090255076.43384,17864180603.2059
2024-03-25 18:02:41,3631.614324670995,435039942746.8888,18645992013.803978
2024-03-25 19:08:19,3637.564645821955,437254227281.9374,19288176347.77279
2024-03-25 20:05:24,3643.1394530724306,436822907350.0031,20407257712.75996
2024-03-25 21:06:42,3630.5451411358817,436373624768.97675,20299543772.651585
2024-03-25 22:08:36,3598.7352704808436,431127602435.75525,20221660065.404137
2024-03-25 23:03:56,3609.81555415764,433449509444.9686,20313494926.429684
2024-03-26 00:02:50,3589.303685005174,429834400084.37524,19764923922.200024
2024-03-26 01:04:47,3597.475406118779,432922160748.55664,21083544157.849514
2024-03-26 02:02:45,3611.9594800654104,433629307848.5536,21598638365.58154
2024-03-26 03:03:44,3621.7781922471177,433374896972.45667,21991997131.707355
2024-03-26 04:05:55,3629.9317770696402,435759700758.64075,22000035384.51298
2024-03-26 05:07:39,3634.3577929238577,436652452404.55396,21904774787.93026
2024-03-26 06:10:00,3631.1958444392944,436205307659.3491,22280526311.97
2024-03-26 07:03:34,3648.8599561097253,436753381623.6863,22604937049.103745
2024-03-26 08:05:43,3632.059365520537,438393432211.18756,23038448081.421677
2024-03-26 09:00:31,3648.762821256523,437739825384.1644,22749746553.742157
2024-03-26 10:08:08,3664.3619057751507,440323377641.8546,22881899644.995728
2024-03-26 11:04:01,3647.2386648469815,437938594803.47296,22481922524.07579
2024-03-26 12:07:13,3628.8808637034017,436893688653.51086,23157609499.063236
2024-03-26 13:03:15,3641.286262886401,437553206465.84436,23672963863.77752
2024-03-26 14:03:32,3606.3955412162013,433034396911.88837,23853827773.783566
2024-03-26 15:06:04,3593.8710896516295,431434557404.09106,22756979273.201767
2024-03-26 16:13:39,3585.5550836906705,430395152170.4553,22586949463.22785
2024-03-26 17:08:38,3571.7377891917854,428189915958.7773,22617599698.804035
2024-03-26 18:03:00,3584.598939209254,430631737360.6854,20716972694.695976
2024-03-26 19:04:34,3580.0106142709296,431026273663.2329,19375216061.879593
2024-03-26 20:02:58,3560.501030222302,429174575496.97595,20713597254.775898
2024-03-26 21:12:34,3579.0342796136592,429196752742.6163,21043707209.89128
2024-03-26 22:03:36,3587.184198092074,431230359918.5253,20352564774.910465
2024-03-26 23:02:15,3602.0608956889614,431536835029.1437,19935411584.09341
2024-03-27 00:12:59,3583.853827406363,430616917559.2024,19676394979.542133
2024-03-27 01:11:20,3612.4195910234034,434820531691.5203,19157672157.799736
2024-03-27 02:10:27,3601.360086426299,432463717434.1066,19217600707.799725
2024-03-27 03:04:22,3617.0792831742287,433171509098.2107,18863159895.797955
2024-03-27 04:06:39,3605.30807826595,432891354203.30774,18264260136.23906
2024-03-27 05:08:17,3591.054154644316,430593587241.00195,17859774079.973972
2024-03-27 06:04:43,3612.4559520171906,433394866806.6238,17629199653.168766
2024-03-27 07:01:27,3608.6512140484037,432168535171.0868,17677383455.429794
2024-03-27 08:07:37,3568.6218254011183,428041132981.8431,16744292787.64405
2024-03-27 09:07:31,3547.132592678341,426434651053.60126,17043228895.157354
2024-03-27 10:06:05,3572.6473481077524,429092300696.8303,17036813483.741123
2024-03-27 11:01:51,3580.435284806694,429914375983.16223,17322368391.426514
2024-03-27 12:08:57,3589.881397433413,430835071934.1281,17309120374.308167
2024-03-27 13:10:36,3597.015648939581,429881589565.0822,16947853289.045313
2024-03-27 14:08:44,3543.8068638790646,428907442580.11304,16223644009.81342
2024-03-27 15:03:39,3558.8924766982677,425896537552.5373,19219879423.23806
2024-03-27 16:09:15,3523.2299825723776,422062212204.90125,19410652291.31529
2024-03-27 17:06:55,3525.4754521726672,422884507497.28503,20159040195.80069
2024-03-27 18:13:01,3495.9668079531725,419632050033.03876,19977956735.32621
2024-03-27 19:05:11,3468.972676048319,418456940824.822,20288433975.594204
2024-03-27 20:06:33,3494.11953226804,419363190579.3141,19493325961.313637
2024-03-27 21:03:06,3505.921884235831,420974379962.9865,19641580746.07638
2024-03-27 22:09:28,3506.0282296992136,420923872880.9529,19474469082.45597
2024-03-27 23:01:43,3514.1149037244904,422275119761.91516,19558435771.98937
2024-03-28 00:04:49,3503.877140974309,419542828392.99164,20424263899.281956
2024-03-28 01:04:05,3511.9356222613033,422024201515.84424,19627794618.98513
2024-03-28 02:10:57,3500.522830616425,419897741713.01843,20948255855.06152
2024-03-28 03:04:30,3475.912506804604,417269066807.54205,21254572572.66933
2024-03-28 04:11:00,3499.710130637247,419290217494.71313,22126297716.631104
2024-03-28 05:10:25,3515.664338265007,421912019527.0575,20858315182.001957
2024-03-28 06:05:09,3527.1729273635974,423339212178.81134,21775810389.498875
2024-03-28 07:02:13,3571.358575179315,427759921544.1869,23391677887.909477
2024-03-28 08:04:12,3572.8369732577066,428890962993.92523,23134476418.840714
2024-03-28 09:05:57,3574.4457193354556,430456425420.7802,23278501062.72691
2024-03-28 10:08:36,3587.8135622935797,429790481094.4294,23056123888.751305
2024-03-28 11:04:22,3591.5174325291614,430350407357.9484,22718349255.99254
2024-03-28 12:04:45,3576.100140874856,429785114605.3813,22501313397.613464
2024-03-28 13:03:18,3577.257118389656,427945208820.24835,23407241260.69762
2024-03-28 14:13:47,3597.0711562602078,431906960589.05975,21979098901.737007
2024-03-28 15:03:53,3609.8499127193304,432476210173.7039,20670342474.631546
2024-03-28 16:09:10,3571.490661371551,429932874789.6924,19561770284.889412
2024-03-28 17:02:46,3561.1797518637627,428283373641.12225,18830127219.96613
2024-03-28 18:00:43,3553.7349359367045,426783088007.4412,18380444639.18763
2024-03-28 19:02:12,3556.7877720959987,426042681591.56555,18331409200.154076
2024-03-28 20:13:48,3561.3189326092424,427528754661.54626,18688141411.078506
2024-03-28 21:13:07,3562.771454879641,427692162715.3347,17932122056.656666
2024-03-28 22:03:35,3564.833081370963,428036075545.1474,17885903428.66498
2024-03-28 23:12:59,3568.595676616999,428194385756.9775,17195755132.06306
2024-03-29 00:09:04,3562.4968084314073,427693419735.539,17155552802.052782
2024-03-29 01:02:22,3561.9177005636475,427385325390.37634,16813449630.364496
2024-03-29 02:06:07,3569.971106277875,428653007661.4646,16734324735.364746
2024-03-29 03:11:11,3564.9865059256754,428050544968.7585,15201598152.816723
2024-03-29 04:05:00,3560.8219063064507,427475469471.0005,15184416039.631317
2024-03-29 05:01:57,3566.0973452206013,429046228727.5152,15215752702.928638
2024-03-29 06:07:42,3562.0087970303066,427340746163.18054,14903750863.811815
2024-03-29 07:03:45,3571.9941996729362,428543242283.18066,14121919909.810638
2024-03-29 08:11:22,3523.4012571216986,422670285311.78394,14353321338.98323
2024-03-29 09:00:59,3538.9759327910965,424900880220.079,14598361923.413313
2024-03-29 10:11:09,3529.505865873464,423790358489.80695,14501241345.1741
2024-03-29 11:01:03,3550.2174676336604,426216571146.1747,14520494399.754755
2024-03-29 12:03:52,3548.30415537873,426161085272.614,14313046700.112665
2024-03-29 13:05:07,3541.3973390237034,425691085528.8753,13705675870.19151
2024-03-29 14:02:17,3550.7072995753624,426336030187.3384,13538873672.60771
2024-03-29 15:06:17,3543.0509105624546,425416721941.98596,13305830368.392326
2024-03-29 16:09:27,3496.4753260256293,419148577481.70715,13368566892.388248
2024-03-29 17:09:20,3485.5080018776002,418123880686.69037,13330847049.94531
2024-03-29 18:03:48,3486.5270148438112,418629856318.25745,13701812448.644026
2024-03-29 19:04:40,3491.4640006289665,418966096302.31616,13241328431.502869
2024-03-29 20:09:42,3501.5960912940945,420426203331.4362,13313394202.632742
2024-03-29 21:09:24,3496.972786718044,419895513777.9774,13332251139.107473
2024-03-29 22:02:30,3486.0742600043286,418314145330.9687,13399393934.184662
2024-03-29 23:01:19,3519.5055509563845,422158252808.36945,13385290947.925558
2024-03-30 00:04:20,3514.212871484661,421941634405.2546,13648648793.299557
2024-03-30 01:01:45,3516.427870759435,421942705426.97406,13606500804.834116
2024-03-30 02:08:37,3512.2800175475886,421899057307.5858,13467383648.447968
2024-03-30 03:05:13,3509.19520867707,421350945789.2414,13289740857.798819
2024-03-30 04:02:26,3490.5335999957197,419090022013.42535,13400032042.044313
2024-03-30 05:09:31,3522.159716629118,421553079234.10236,13873153321.593493
2024-03-30 06:07:43,3506.648380736463,421650364899.8221,13893171824.078691
2024-03-30 07:11:12,3500.7238479468897,420333784975.0019,13666012400.970362
2024-03-30 08:11:27,3497.1507236314965,419719170655.12823,13457890998.950825
2024-03-30 09:02:02,3506.5685554091083,420963082965.425,13277694593.454754
2024-03-30 10:08:07,3515.33816135617,421897868760.19104,13122259336.600906
2024-03-30 11:00:10,3525.9478803192997,422871795841.22235,13039588714.913992
2024-03-30 12:04:55,3560.288448580022,426867620891.8851,12983319304.938786
2024-03-30 13:10:59,3554.410484802029,426988205775.98175,13126189229.294634
2024-03-30 14:02:48,3545.2338800829425,425617126997.93695,11995497028.656439
2024-03-30 15:10:06,3541.1047379022625,424760744431.4356,12457061108.078833
2024-03-30 16:03:00,3539.1673081546746,424830687190.3025,11469806778.402369
2024-03-30 17:03:27,3544.545045483622,425721057319.2473,10777540357.10541
2024-03-30 18:02:54,3533.6449000155335,424286633306.49414,10887444849.180214
2024-03-30 19:04:25,3528.2021649699873,423645525071.6271,10350310506.151083
2024-03-30 20:07:50,3507.6555385072124,421540587404.97314,10954281351.076353
2024-03-30 21:09:21,3510.8232136659967,421455648726.1688,10829829586.218891
2024-03-30 22:08:54,3507.493048470608,421444804290.5138,10191995960.280506
2024-03-30 23:01:08,3507.1252817951586,421208976999.63104,9605098851.22645
2024-03-31 00:02:15,3507.250656800459,420903294887.95514,10409507046.994692
2024-03-31 01:08:06,3516.4329680470496,422429455047.59247,10114212334.86533
2024-03-31 02:03:04,3524.2055009876317,423153239616.0395,10397973951.746956
2024-03-31 03:07:22,3532.3162726888854,424264321211.3378,10204117706.016993
2024-03-31 04:09:20,3536.3173970561593,424643748620.0477,10120804168.980488
2024-03-31 05:08:43,3544.9809171705697,425698914025.40295,9739457212.32094
2024-03-31 06:08:38,3606.8950422519174,432350806264.2595,10729431232.321472
2024-03-31 07:08:20,3620.4756127148485,434336097120.4469,10623804924.507385
2024-03-31 08:09:30,3628.289306150918,435386064383.62524,10939938649.670338
2024-03-31 09:08:55,3614.7017713451946,434299092122.0673,9521261521.83465
2024-03-31 10:08:14,3605.962370422476,432997953317.36816,11167107673.218428
2024-03-31 11:03:39,3605.7049610772297,433307833672.44666,11072215932.662552
2024-03-31 12:08:43,3611.8810202325635,432763290082.75085,10564289575.757896
2024-03-31 13:01:22,3616.593300583737,434246200024.81464,10802213056.463865
2024-03-31 14:10:06,3618.263771457753,435134745700.8601,10645541885.51618
2024-03-31 15:08:22,3621.323707288087,435058158030.737,10629744895.882845
2024-03-31 16:06:37,3623.903166734062,434644174737.8172,10850469768.616953
2024-03-31 17:07:40,3620.4900595558424,434736651933.4675,10556330639.698727
2024-03-31 18:09:42,3625.5392806706554,435045851674.0848,10449356093.499443
2024-03-31 19:07:54,3624.448524753297,436418740838.4453,10782479072.616564
2024-03-31 20:09:09,3641.015030180156,436694348613.9887,10619852458.299088
2024-03-31 21:09:27,3633.0347501332817,436218010130.716,10674193175.25871
2024-03-31 22:01:09,3621.839149886301,435247449387.2901,10783154177.059418
2024-03-31 23:05:04,3629.030477187333,435702641054.9434,10189756384.350813
2024-04-01 00:12:17,3640.6690476134086,437984525834.2056,10869202857.729204
2024-04-01 01:10:20,3628.0672651110103,435667124050.0333,10931840860.382511
2024-04-01 02:00:15,3607.8077594649767,433591890589.0264,10562740537.17152
